Time,Position,Symbol,Type,Volume,Price,S / L,T / P,Time,Price,Commission,Swap,Profit
2022.02.28 23:00:00,49327173,GOLD,buy,0.05,1 910.30,1 885.08,1 930.71,2022.03.01 18:34:51,1 930.73,0.00,- 0.13, 76.61
2022.03.03 07:00:00,49431825,#Japan225,sell,0.5,26 577.50,26 714.50,26 110.59,2022.03.03 20:00:00,26 431.00,0.00,0.00, 54.93
2022.03.04 07:00:00,49479287,#Japan225,sell,0.5,25 962.80,26 420.10,25 558.22,2022.03.04 12:30:00,26 049.00,0.00,0.00,- 32.37
2022.03.07 07:00:00,49535359,#Japan225,sell,0.5,25 188.00,25 280.50,24 867.94,2022.03.07 07:15:33,25 282.20,0.00,0.00,- 35.63
2022.03.07 13:00:00,49548214,GOLD,buy,0.05,2 002.51,1 979.00,2 024.36,2022.03.07 15:19:55,1 977.09,0.00,0.00,- 96.46
2022.03.07 13:00:00,49548215,EURUSD,sell,0.5, 1.08321, 1.08960, 1.07028,2022.03.07 14:32:03, 1.08960,0.00,0.00,- 242.12
2022.03.07 13:00:00,49548219,#Japan225,sell,0.5,25 096.80,25 378.60,24 776.74,2022.03.07 15:20:23,25 382.20,0.00,0.00,- 108.24
2022.03.08 18:00:00,49635500,GOLD,buy,0.1,2 047.64,2 014.62,2 070.92,2022.03.08 19:30:00,2 037.30,0.00,0.00,- 78.77
2022.03.11 07:00:00,49761735,#Japan225,sell,0.5,25 068.80,25 439.40,24 536.15,2022.03.11 09:05:36,25 438.20,0.00,0.00,- 141.01
2022.03.11 21:00:00,49798054,#Japan225,sell,0.5,25 201.50,25 739.40,24 667.15,2022.03.14 05:30:00,25 373.20,0.00,- 1.89,- 65.97
2022.03.14 07:00:01,49817135,#Japan225,sell,1,25 348.80,25 504.40,24 833.77,2022.03.15 04:30:00,25 388.20,0.00,- 0.63,- 30.26
2022.03.16 20:30:00,50023838,EURUSD,sell,0.5, 1.09638, 1.09905, 1.08082,2022.03.16 20:52:05, 1.09910,0.00,0.00,- 103.82
2022.03.18 13:00:01,50111952,EURUSD,sell,0.5, 1.10383, 1.10980, 1.08761,2022.03.18 16:00:00, 1.10257,0.00,0.00, 47.98
2022.03.22 07:00:00,50208453,USDJPY,buy,0.5, 120.386, 119.378, 121.183,2022.03.23 00:55:34, 121.183,0.00,- 0.09, 247.81
2022.03.24 08:00:00,50352324,EURUSD,sell,0.5, 1.09772, 1.10116, 1.08232,2022.03.24 17:08:19, 1.10120,0.00,0.00,- 131.80
2022.03.28 07:00:00,50508413,USDJPY,buy,1, 123.089, 121.924, 124.112,2022.03.28 11:34:07, 124.113,0.00,0.00, 627.41
2022.03.28 14:00:00,50529432,USDJPY,buy,1, 124.266, 122.939, 125.303,2022.03.28 14:30:00, 124.012,0.00,0.00,- 155.90
2022.04.01 07:00:01,51106826,USDJPY,buy,2, 123.146, 122.658, 125.271,2022.04.07 07:30:00, 123.669,0.00,- 0.66, 647.28
2022.04.04 13:00:00,51343439,GOLD,buy,0.1,1 926.38,1 911.24,1 943.64,2022.04.05 17:00:36,1 943.95,0.00,- 0.34, 133.48
2022.04.11 07:00:00,51719191,USDJPY,buy,1, 124.877, 124.094, 126.461,2022.04.12 20:00:00, 125.233,0.00,- 0.29, 218.27
2022.04.11 13:00:00,51730129,GOLD,buy,0.1,1 958.31,1 935.60,1 973.76,2022.04.12 17:49:29,1 973.84,0.00,- 0.34, 119.06
2022.04.13 14:00:00,51881340,USDJPY,buy,1, 126.053, 125.477, 127.431,2022.04.13 14:30:00, 125.749,0.00,0.00,- 185.66
2022.04.14 18:00:00,51979291,GBPUSD,sell,0.2, 1.30466, 1.31217, 1.28702,2022.04.19 17:00:00, 1.30032,0.00,- 2.70, 66.75
2022.04.14 20:30:00,51984818,EURUSD,sell,1, 1.08150, 1.08731, 1.07124,2022.04.20 13:00:01, 1.08550,0.00, 4.26,- 306.96
2022.04.19 07:00:00,52043535,USDJPY,buy,1, 127.929, 127.124, 128.973,2022.04.19 18:30:00, 128.596,0.00,0.00, 398.85
2022.04.22 13:00:00,52199016,GBPUSD,sell,0.4, 1.27968, 1.28025, 1.25590,2022.04.25 14:30:00, 1.27366,0.00,- 1.65, 188.90
2022.04.22 13:00:00,52199017,EURUSD,sell,2, 1.07679, 1.07860, 1.06254,2022.04.27 09:11:13, 1.06253,0.00, 5.08,2 266.82
2022.04.26 18:00:00,52334710,GBPUSD,sell,0.2, 1.26176, 1.27165, 1.24459,2022.04.27 12:30:00, 1.25841,0.00,- 0.56, 53.24
2022.04.27 07:00:00,52354282,USDJPY,buy,2, 127.862, 127.119, 129.354,2022.04.28 06:12:50, 129.360,0.00,- 0.59,1 847.43
2022.04.27 18:00:00,52390639,GBPUSD,sell,0.4, 1.24702, 1.25266, 1.22474,2022.04.29 09:23:09, 1.25265,0.00,- 1.71,- 179.78
2022.04.28 07:00:00,52409205,USDJPY,buy,2, 130.157, 129.130, 132.023,2022.04.28 12:30:00, 130.247,0.00,0.00, 110.27
2022.05.05 08:00:00,52700917,GBPUSD,sell,0.2, 1.25463, 1.26098, 1.23143,2022.05.05 11:00:00, 1.25436,0.00,0.00, 4.30
2022.05.05 18:00:00,52735473,GBPUSD,sell,0.2, 1.23737, 1.25522, 1.21417,2022.05.06 17:30:00, 1.23518,0.00,- 0.47, 35.46
2022.05.12 13:00:00,53127921,EURUSD,sell,2, 1.03921, 1.04291, 1.02325,2022.05.16 11:40:08, 1.04292,0.00, 14.26,- 607.80
2022.05.13 07:00:00,53240687,USDJPY,buy,1, 129.095, 128.542, 130.717,2022.05.13 10:02:11, 128.539,0.00,0.00,- 354.48
2022.05.18 13:00:00,53498829,GBPUSD,sell,0.5, 1.24100, 1.24897, 1.21102,2022.05.19 03:30:00, 1.23616,0.00,- 1.01, 195.77
2022.05.24 13:00:00,53866484,GBPUSD,sell,0.5, 1.24901, 1.25692, 1.22012,2022.05.25 21:02:15, 1.25692,0.00,- 1.08,- 314.66
2022.05.31 07:00:00,54157267,USDJPY,buy,1, 128.094, 127.542, 129.309,2022.05.31 10:30:00, 127.766,0.00,0.00,- 203.43
2022.05.31 08:00:00,54157776,EURUSD,sell,1, 1.07441, 1.07828, 1.06164,2022.05.31 16:30:00, 1.07111,0.00,0.00, 262.28
2022.06.01 18:00:00,54255062,GBPUSD,sell,0.5, 1.24958, 1.26141, 1.22609,2022.06.02 13:00:00, 1.25435,0.00,- 1.16,- 190.14
2022.06.01 20:30:00,54265566,EURUSD,sell,1, 1.06423, 1.07106, 1.05182,2022.06.02 15:51:14, 1.07109,0.00, 1.66,- 546.10
2022.06.01 21:00:00,54267022,USDJPY,buy,1, 130.162, 129.114, 131.429,2022.06.06 04:30:00, 130.570,0.00, 3.87, 250.18
2022.06.06 21:00:00,54754836,USDJPY,buy,2, 132.226, 131.792, 133.891,2022.06.07 14:30:00, 132.769,0.00, 0.78, 654.63
2022.06.08 14:00:00,54889644,USDJPY,buy,1, 134.012, 132.849, 135.315,2022.06.09 14:30:00, 133.405,0.00, 0.76,- 362.91
2022.06.09 20:30:00,54966795,EURUSD,sell,0.5, 1.06284, 1.07318, 1.05119,2022.06.10 17:04:07, 1.05119,0.00, 0.95, 471.56
2022.06.10 18:00:00,55005620,GBPUSD,sell,0.25, 1.23426, 1.24311, 1.21080,2022.06.13 15:30:00, 1.22066,0.00,- 1.10, 278.54
2022.06.10 20:30:00,55012795,EURUSD,sell,0.5, 1.05250, 1.05940, 1.04007,2022.06.13 23:27:51, 1.04006,0.00, 1.60, 512.98
2022.06.13 07:00:00,55120984,USDJPY,buy,0.7, 134.918, 134.310, 136.300,2022.06.13 11:44:05, 134.302,0.00,0.00,- 262.56
2022.06.14 13:00:01,55206769,GBPUSD,sell,0.25, 1.21056, 1.21584, 1.18627,2022.06.15 13:00:00, 1.20912,0.00,- 0.57, 29.77
2022.06.16 07:00:00,55313917,USDJPY,buy,0.7, 134.311, 133.723, 135.931,2022.06.16 11:18:48, 133.720,0.00,0.00,- 255.83
2022.06.17 18:00:00,55414690,GBPUSD,sell,0.25, 1.21824, 1.23368, 1.18861,2022.06.17 18:30:00, 1.22095,0.00,0.00,- 55.49
2022.06.17 21:00:00,55429531,USDJPY,buy,1.4, 135.682, 135.605, 139.511,2022.06.22 07:00:00, 136.197,0.00, 2.47, 432.72
2022.06.22 08:00:00,55523831,EURUSD,sell,0.5, 1.04960, 1.05398, 1.03618,2022.06.22 16:03:30, 1.05399,0.00,0.00,- 179.03
2022.06.23 13:00:00,55591904,EURUSD,sell,1, 1.05186, 1.05682, 1.03807,2022.06.24 17:02:31, 1.05683,0.00, 1.74,- 403.52
2022.06.28 18:00:00,55771715,GBPUSD,sell,0.25, 1.22008, 1.22812, 1.18947,2022.06.29 13:30:00, 1.21833,0.00,- 0.31, 35.91
2022.06.29 19:00:00,55824502,EURUSD,sell,1, 1.04379, 1.04335, 1.02753,2022.06.30 17:43:28, 1.04335,0.00, 1.67, 36.19
2022.07.01 19:00:00,55938371,EURUSD,sell,0.5, 1.04067, 1.04676, 1.02646,2022.07.04 09:00:47, 1.04340,0.00, 1.78,- 112.78
2022.07.04 19:00:00,55987964,EURUSD,sell,1, 1.04265, 1.04712, 1.02661,2022.07.05 09:00:47, 1.04388,0.00, 3.56,- 101.52
2022.07.05 13:00:00,56008066,GBPUSD,sell,0.75, 1.19926, 1.20324, 1.16072,2022.07.05 19:00:46, 1.19637,0.00,0.00, 181.89
2022.07.05 14:00:47,56009676,EURUSD,sell,1, 1.02765, 1.03101, 1.01110,2022.07.07 09:00:00, 1.02190,0.00, 7.23, 480.83
2022.07.05 18:00:47,56033815,GOLD,sell,0.1,1 768.79,1 800.72,1 756.45,2022.07.06 16:50:49,1 756.26,0.00, 0.43, 105.07
2022.07.11 07:00:00,56201649,USDJPY,buy,0.7, 137.028, 136.003, 138.423,2022.07.14 08:38:53, 138.423,0.00, 5.29, 595.07
2022.07.11 09:00:00,56202887,EURUSD,sell,1, 1.01119, 1.01433, 0.98879,2022.07.14 15:57:09, 1.00038,0.00, 9.63, 914.41
2022.07.14 18:00:00,56349516,GBPUSD,sell,0.5, 1.17866, 1.18891, 1.15400,2022.07.14 20:30:00, 1.18031,0.00,0.00,- 69.90
2022.07.20 14:00:00,56508799,EURUSD,sell,0.5, 1.01971, 1.02562, 1.00197,2022.07.20 19:00:00, 1.02156,0.00,0.00,- 77.16
2022.07.22 09:00:00,56583900,EURUSD,sell,1, 1.01784, 1.02349, 0.99826,2022.07.22 16:50:54, 1.02350,0.00,0.00,- 470.31
2022.07.26 14:00:00,56707060,EURUSD,sell,0.5, 1.01510, 1.02031, 0.99838,2022.07.27 09:00:00, 1.01469,0.00, 1.51, 17.00
2022.07.27 19:00:00,56778472,EURUSD,sell,0.5, 1.01047, 1.01562, 0.99280,2022.07.27 21:36:31, 1.01565,0.00,0.00,- 214.61
2022.07.28 13:00:00,56808733,GBPUSD,sell,0.25, 1.21287, 1.21626, 1.18661,2022.07.28 16:00:00, 1.21392,0.00,0.00,- 21.62
2022.07.28 14:00:00,56810599,EURUSD,sell,0.5, 1.01333, 1.01848, 0.99564,2022.07.28 22:09:30, 1.01849,0.00,0.00,- 212.19
2022.07.29 19:00:00,56896044,EURUSD,sell,0.5, 1.02009, 1.02400, 1.00262,2022.08.01 04:33:55, 1.02401,0.00, 5.97,- 160.72
2022.08.02 21:00:00,57015114,USDJPY,buy,0.7, 132.794, 131.211, 135.129,2022.08.03 07:00:00, 132.600,0.00, 3.07,- 84.02
2022.08.03 18:00:00,57078691,GBPUSD,sell,0.25, 1.21084, 1.21787, 1.18468,2022.08.04 12:53:02, 1.21794,0.00, 0.34,- 145.74
2022.08.03 19:00:00,57082026,EURUSD,sell,0.5, 1.01439, 1.01957, 0.99827,2022.08.04 12:41:17, 1.01957,0.00, 1.99,- 212.75
2022.08.04 18:00:00,57136744,GBPUSD,sell,0.25, 1.21107, 1.21716, 1.18512,2022.08.04 21:19:52, 1.21716,0.00,0.00,- 125.09
2022.08.05 18:00:00,57185313,GBPUSD,sell,0.25, 1.20607, 1.21222, 1.18044,2022.08.08 10:54:05, 1.21229,0.00,0.00,- 128.27
2022.08.05 19:00:00,57188693,EURUSD,sell,1, 1.01794, 1.02416, 1.00289,2022.08.09 11:42:33, 1.02419,0.00, 9.80,- 516.08
2022.08.05 21:00:00,57193683,USDJPY,buy,0.7, 135.054, 133.750, 138.095,2022.08.10 15:30:05, 133.641,0.00, 14.95,- 607.69
2022.08.15 14:00:00,57433273,EURUSD,sell,1, 1.02008, 1.02570, 1.00463,2022.08.16 11:00:00, 1.01605,0.00, 3.76, 333.89
2022.08.18 18:00:00,57582288,GBPUSD,sell,0.25, 1.20023, 1.20633, 1.17510,2022.08.19 16:00:00, 1.18478,0.00,- 0.13, 326.01
2022.08.18 19:00:00,57585581,EURUSD,sell,0.5, 1.01119, 1.00434, 0.99873,2022.08.22 16:49:00, 0.99872,0.00, 7.87, 528.35
2022.08.18 21:00:50,57590749,USDJPY,buy,0.5, 135.903, 135.135, 137.846,2022.08.23 21:00:00, 136.784,0.00, 10.79, 272.38
2022.08.19 18:00:00,57630624,GBPUSD,sell,0.25, 1.18024, 1.18626, 1.15479,2022.08.22 19:30:00, 1.17765,0.00,- 0.18, 54.98
2022.08.22 19:00:00,57679826,EURUSD,sell,0.5, 0.99341, 0.99848, 0.98190,2022.08.23 16:45:49, 0.99850,0.00, 2.00,- 215.22
2022.08.26 18:00:00,57852062,GBPUSD,sell,0.25, 1.17905, 1.18591, 1.15527,2022.08.29 03:32:46, 1.16929,0.00,- 0.18, 208.67
2022.08.29 07:00:00,57879815,USDJPY,buy,0.5, 138.593, 137.511, 140.316,2022.09.01 17:02:48, 139.960,0.00, 6.61, 423.56
2022.08.30 18:08:24,57965975,GBPUSD,sell,0.25, 1.16496, 1.17080, 1.15000,2022.08.30 18:30:46, 1.16622,0.00,0.00,- 27.01
2022.09.01 09:00:47,58036246,EURUSD,sell,0.5, 1.00209, 1.00750, 0.98520,2022.09.01 17:02:48, 0.99525,0.00,0.00, 296.69
2022.09.01 18:00:46,58066209,GBPUSD,sell,0.25, 1.15245, 1.15806, 1.12891,2022.09.02 13:04:30, 1.15806,0.00,- 0.06,- 121.11
2022.09.01 19:00:46,58069887,EURUSD,sell,0.5, 0.99539, 0.99988, 0.97832,2022.09.02 12:54:16, 0.99988,0.00, 2.02,- 194.18
2022.09.05 09:00:47,58144779,EURUSD,sell,0.5, 0.98836, 0.99412, 0.97273,2022.09.05 13:18:44, 0.99416,0.00,0.00,- 251.87
2022.09.06 14:00:00,58191765,USDJPY,buy,1, 142.358, 141.622, 144.300,2022.09.07 07:23:15, 144.300,0.00, 4.21,1 174.61
2022.09.06 18:00:00,58213657,GBPUSD,sell,0.25, 1.15279, 1.15863, 1.13023,2022.09.07 08:00:00, 1.14798,0.00,- 0.07, 104.75
2022.09.09 18:00:00,58397167,GBPUSD,sell,0.25, 1.15815, 1.16492, 1.13492,2022.09.12 09:56:45, 1.16492,0.00,0.00,- 145.29
2022.09.09 19:00:00,58400251,EURUSD,sell,0.5, 1.00447, 1.01030, 0.98820,2022.09.12 00:00:05, 1.01081,0.00, 6.09,- 272.43
2022.09.09 21:00:00,58404072,USDJPY,buy,1, 143.569, 142.557, 147.353,2022.09.14 14:00:00, 143.261,0.00, 13.40,- 185.67
2022.09.13 18:00:00,58494142,GBPUSD,sell,0.5, 1.15411, 1.16308, 1.12930,2022.09.14 18:00:00, 1.15804,0.00,0.00,- 169.90
2022.09.13 19:00:00,58497083,EURUSD,sell,0.5, 0.99961, 1.00471, 0.98071,2022.09.14 09:00:00, 0.99828,0.00, 2.05, 57.81
2022.09.14 10:49:38,58519295,GOLD,sell,0.1,1 702.50,1 734.86,1 664.63,2022.09.15 17:57:22,1 664.39,0.00, 0.64, 331.74
2022.09.15 18:00:00,58578359,GOLD,sell,0.1,1 668.36,1 696.74,1 625.49,2022.09.23 18:46:18,1 648.26,0.00, 5.00, 184.08
2022.09.16 13:00:00,58604615,GBPUSD,sell,0.25, 1.13771, 1.14352, 1.11338,2022.09.16 17:35:10, 1.14356,0.00,0.00,- 127.89
2022.09.19 09:00:00,58641651,EURUSD,sell,0.5, 0.99806, 1.00385, 0.98143,2022.09.20 03:03:39, 1.00385,0.00, 1.26,- 252.74
2022.09.21 19:00:00,59561320,EURUSD,sell,0.5, 0.98782, 0.99357, 0.97615,2022.09.21 22:00:00, 0.99061,0.00,0.00,- 122.99
2022.09.23 13:00:00,59830795,GBPUSD,sell,0.5, 1.10150, 1.09525, 1.06498,2022.09.23 18:46:18, 1.09190,0.00,0.00, 439.60
2022.09.23 14:00:00,59834215,EURUSD,sell,1, 0.97414, 0.97832, 0.95756,2022.09.23 18:46:18, 0.97219,0.00,0.00, 178.17
2022.09.23 21:00:00,59893430,USDJPY,buy,1, 144.010, 142.280, 146.121,2022.09.29 14:15:31, 144.621,0.00, 20.39, 389.33
2022.09.26 08:00:00,59942865,GBPUSD,sell,0.25, 1.05330, 1.05868, 1.02860,2022.09.26 09:00:00, 1.05753,0.00,0.00,- 100.00
2022.09.26 09:00:00,59945097,EURUSD,sell,0.5, 0.96292, 0.96774, 0.94252,2022.09.26 10:07:19, 0.96778,0.00,0.00,- 226.91
2022.09.28 09:00:00,60414860,EURUSD,sell,0.5, 0.95551, 0.96104, 0.93511,2022.09.28 16:44:47, 0.96099,0.00,0.00,- 256.68
2022.09.28 18:00:00,60662192,GBPUSD,sell,0.25, 1.07462, 1.08010, 1.04034,2022.09.28 18:48:49, 1.08010,0.00,0.00,- 126.84
2022.09.29 08:00:00,60806548,GBPUSD,sell,0.25, 1.08062, 1.08613, 1.04319,2022.09.29 12:38:30, 1.08613,0.00,0.00,- 126.83
2022.09.29 09:00:00,60807777,EURUSD,sell,0.5, 0.96638, 0.97133, 0.94168,2022.09.29 13:55:30, 0.97135,0.00,0.00,- 229.13
2022.10.03 08:00:00,61022161,GBPUSD,sell,0.25, 1.10929, 1.11495, 1.06772,2022.10.03 08:40:19, 1.11495,0.00,0.00,- 126.91
2022.10.03 18:00:00,61060475,GOLD,buy,0.15,1 687.17,1 687.17,1 731.11,2022.10.07 23:00:00,1 695.42,0.00,- 9.45, 111.68
2022.10.04 22:00:00,61134102,EURUSD,sell,0.5, 0.99973, 1.00553, 0.97698,2022.10.04 22:00:48, 0.99974,0.00,0.00,- 0.44
2022.10.05 19:00:00,61180630,EURUSD,sell,0.5, 0.98650, 0.99153, 0.96456,2022.10.06 03:07:22, 0.99153,0.00, 2.06,- 221.45
2022.10.06 19:00:00,61263517,EURUSD,sell,1, 0.97770, 0.97997, 0.95307,2022.10.07 17:30:00, 0.97688,0.00, 2.09, 73.82
2022.10.06 22:00:00,61277723,GBPUSD,sell,0.5, 1.11376, 1.11828, 1.06555,2022.10.07 10:39:43, 1.11828,0.00,- 0.20,- 202.32
2022.10.07 18:00:00,61376337,GBPUSD,sell,0.25, 1.11298, 1.11865, 1.06593,2022.10.07 23:00:00, 1.10810,0.00,0.00, 110.10
2022.10.10 09:00:00,61415341,EURUSD,sell,0.5, 0.97165, 0.97727, 0.94977,2022.10.10 19:00:00, 0.97034,0.00,0.00, 59.33
2022.10.12 21:00:00,61749265,USDJPY,buy,0.5, 146.908, 147.270, 148.039,2022.10.14 17:00:00, 148.131,0.00, 6.27, 369.43
2022.10.13 18:00:00,61839811,GOLD,sell,0.15,1 648.98,1 679.09,1 595.27,2022.10.24 16:35:50,1 647.49,0.00, 15.25, 19.80
2022.10.14 21:00:00,61930490,USDJPY,buy,0.5, 148.801, 149.201, 150.052,2022.10.20 10:40:39, 150.054,0.00, 18.87, 372.22
2022.10.18 13:00:00,62690564,GBPUSD,sell,0.25, 1.12724, 1.13301, 1.07375,2022.10.18 14:30:00, 1.13049,0.00,0.00,- 71.87
2022.10.19 14:00:00,62764924,EURUSD,sell,0.5, 0.97809, 0.98302, 0.96030,2022.10.20 14:00:00, 0.98076,0.00, 2.14,- 119.02
2022.10.19 22:00:00,62900120,GBPUSD,sell,0.25, 1.12041, 1.12612, 1.06687,2022.10.20 13:00:00, 1.12074,0.00, 0.10,- 7.36
2022.10.21 14:00:00,63424371,USDJPY,buy,0.5, 151.349, 150.393, 152.837,2022.10.21 17:44:23, 150.378,0.00,0.00,- 288.62
2022.10.24 09:00:00,63777491,EURUSD,sell,0.5, 0.98429, 0.98926, 0.96799,2022.10.24 16:35:50, 0.98363,0.00,0.00, 29.24
2022.10.24 22:00:00,63818595,GBPUSD,sell,0.25, 1.12803, 1.13379, 1.08154,2022.10.25 12:33:38, 1.13378,0.00, 0.10,- 126.79
2022.10.27 13:00:00,63937440,GBPUSD,sell,0.25, 1.15613, 1.16204, 1.11360,2022.10.27 17:12:45, 1.16207,0.00,0.00,- 127.79
2022.10.31 19:00:00,64071421,EURUSD,sell,0.5, 0.98748, 0.99252, 0.96867,2022.11.01 07:48:25, 0.99252,0.00, 2.14,- 218.62
2022.10.31 22:00:00,64077014,GBPUSD,sell,0.25, 1.14673, 1.15258, 1.10589,2022.11.01 07:46:12, 1.15266,0.00, 0.10,- 128.62
2022.11.01 18:00:00,64112534,GBPUSD,sell,0.25, 1.14584, 1.15400, 1.10725,2022.11.02 12:01:29, 1.14994,0.00, 0.10,- 89.14
2022.11.01 19:00:00,64116802,EURUSD,sell,0.5, 0.98607, 0.99378, 0.96927,2022.11.02 13:18:23, 0.98914,0.00, 1.07,- 133.24
2022.11.01 21:00:00,64120094,USDJPY,buy,0.25, 148.163, 146.903, 150.636,2022.11.02 12:56:54, 146.902,0.00, 1.43,- 186.36
2022.11.03 13:00:00,64202817,GBPUSD,sell,0.25, 1.12637, 1.13484, 1.08928,2022.11.04 13:03:18, 1.12087,0.00, 0.11, 122.67
2022.11.04 14:31:08,64265798,GBPUSD,sell,0.25, 1.11590, 1.12610, 1.08920,2022.11.04 14:57:36, 1.12610,0.00,0.00,- 226.45
2022.11.04 17:00:00,64284191,GOLD,buy,0.15,1 673.32,1 645.36,1 715.37,2022.11.08 17:13:54,1 697.89,0.00,- 11.16, 320.47
2022.11.08 18:00:00,64425263,GOLD,buy,0.15,1 713.31,1 713.31,1 759.27,2022.11.11 07:30:17,1 731.81,0.00,- 6.83, 235.76
2022.11.09 13:00:00,64463214,GBPUSD,sell,0.25, 1.14355, 1.15251, 1.10564,2022.11.09 18:30:00, 1.14125,0.00,0.00, 50.38
2022.11.10 14:00:00,64538724,EURUSD,sell,0.25, 0.99441, 1.00316, 0.97277,2022.11.10 14:17:55, 0.99496,0.00,0.00,- 12.07
2022.11.11 11:30:00,64600251,GBPUSD,sell,0.25, 1.17265, 1.17860, 1.13309,2022.11.11 11:46:44, 1.17250,0.00,0.00, 3.20
2022.11.14 11:30:00,64705115,GBPUSD,sell,0.25, 1.17896, 1.18290, 1.13877,2022.11.14 17:57:19, 1.17362,0.00,0.00, 113.75
2022.11.15 20:30:00,64795350,EURUSD,sell,0.25, 1.03244, 1.04145, 1.00735,2022.11.16 09:58:37, 1.04146,0.00, 1.03,- 189.48
2022.11.16 10:36:57,64851576,GBPUSD,buy,0.25, 1.18615, 1.18000, 1.20500,2022.11.16 11:30:00, 1.18667,0.00,0.00, 10.96
2022.11.16 12:09:07,64860110,GBPUSD,buy,0.25, 1.19195, 1.19195, 1.21000,2022.11.16 12:36:54, 1.19194,0.00,0.00,- 0.21
2022.11.17 18:00:00,64986598,GBPUSD,sell,0.25, 1.17773, 1.18672, 1.14675,2022.11.17 23:06:52, 1.18672,0.00,0.00,- 189.39
2022.11.18 10:30:00,65016174,GBPUSD,sell,0.5, 1.18948, 1.19601, 1.15994,2022.11.18 17:30:00, 1.19118,0.00,0.00,- 71.36
2022.11.21 11:00:00,65092008,GBPUSD,sell,0.25, 1.18140, 1.19040, 1.15272,2022.11.22 10:00:00, 1.18486,0.00, 0.12,- 73.00
2022.11.21 14:00:01,65098473,USDJPY,buy,0.25, 141.874, 140.319, 145.355,2022.11.23 16:49:16, 140.319,0.00, 3.86,- 230.50
2022.11.22 20:00:00,65171770,GBPUSD,buy,0.25, 1.18828, 1.17708, 1.21493,2022.11.23 10:30:00, 1.18806,0.00,- 1.36,- 4.63
2022.11.23 18:00:00,65211349,GBPUSD,buy,0.5, 1.20646, 1.19999, 1.22753,2022.11.24 13:30:00, 1.20885,0.00,- 2.69, 99.06
2022.11.24 14:00:00,65237096,GBPUSD,buy,0.25, 1.21268, 1.20154, 1.23415,2022.11.25 10:00:00, 1.20899,0.00,- 1.34,- 76.30
2022.11.25 12:30:00,65257807,GBPUSD,buy,0.25, 1.21163, 1.20043, 1.23274,2022.11.28 15:30:00, 1.20614,0.00,- 3.96,- 113.79
2022.11.28 16:30:00,65306272,GBPUSD,sell,0.5, 1.20309, 1.20806, 1.18463,2022.11.29 05:30:00, 1.20081,0.00, 0.17, 94.94
2022.11.29 11:30:00,65342730,GBPUSD,sell,0.25, 1.20229, 1.20842, 1.18382,2022.11.29 14:00:00, 1.20272,0.00,0.00,- 8.94
2022.11.29 14:30:00,65348486,GBPUSD,sell,0.5, 1.19851, 1.20604, 1.17859,2022.11.30 16:30:00, 1.20143,0.00, 0.17,- 121.52
2022.11.30 23:00:00,65426577,GBPUSD,sell,0.25, 1.20543, 1.21443, 1.18831,2022.12.01 11:51:13, 1.21449,0.00, 0.09,- 186.50
2022.12.02 18:00:00,65505068,GOLD,sell,0.15,1 785.61,1 815.65,1 745.52,2022.12.06 19:04:20,1 772.17,0.00, 4.13, 165.17
2022.12.05 19:30:00,65566770,GBPUSD,buy,0.25, 1.21975, 1.20855, 1.24241,2022.12.06 19:00:00, 1.22006,0.00,- 1.38, 6.35
2022.12.07 18:00:00,65689014,GBPUSD,sell,0.25, 1.21950, 1.22850, 1.19666,2022.12.09 14:29:31, 1.22851,0.00, 0.19,- 183.35
2022.12.12 17:30:00,65810809,GBPUSD,buy,0.25, 1.22867, 1.21745, 1.25102,2022.12.12 18:00:00, 1.22524,0.00,0.00,- 69.99
2022.12.13 16:00:00,65852839,GBPUSD,buy,0.25, 1.24123, 1.22995, 1.26188,2022.12.13 21:00:00, 1.23484,0.00,0.00,- 129.37
2022.12.15 13:00:00,65933908,GOLD,sell,0.15,1 777.47,1 807.17,1 728.94,2022.12.20 11:40:29,1 807.19,0.00, 6.23,- 366.57
2022.12.15 22:00:00,65982090,GBPUSD,sell,0.5, 1.21858, 1.22750, 1.19794,2022.12.20 16:00:00, 1.21480,0.00, 0.57, 155.38
2022.12.30 10:00:00,66683460,GBPUSD,buy,0.5, 1.20616, 1.19915, 1.21988,2022.12.30 17:28:07, 1.20501,0.00,0.00,- 47.72
2022.12.30 18:30:00,66714749,GBPUSD,buy,0.25, 1.20494, 1.19884, 1.21957,2022.12.30 20:38:03, 1.20766,0.00,0.00, 56.31
2023.01.03 13:00:00,66764817,GBPUSD,sell,0.25, 1.19085, 1.20010, 1.17814,2023.01.03 13:30:00, 1.19294,0.00,0.00,- 43.80
2023.01.03 17:30:00,66786862,GBPUSD,sell,0.25, 1.20078, 1.21016, 1.18820,2023.01.03 18:00:00, 1.20103,0.00,0.00,- 5.20
2023.01.05 18:00:00,66960357,GBPUSD,sell,0.25, 1.18801, 1.19728, 1.17380,2023.01.05 18:30:00, 1.19033,0.00,0.00,- 48.73
2023.01.05 18:00:00,66960361,GOLD,sell,0.15,1 826.68,1 857.37,1 783.78,2023.01.06 17:06:15,1 857.37,0.00, 1.04,- 385.00
2023.01.05 22:00:00,67005779,GBPUSD,sell,0.25, 1.19165, 1.20094, 1.17744,2023.01.06 17:19:58, 1.20095,0.00,- 0.16,- 193.60
2023.01.06 18:00:00,67187023,GOLD,buy,0.15,1 862.66,1 831.24,1 901.43,2023.01.12 12:32:26,1 882.76,0.00,- 24.65, 248.06
2023.01.06 22:00:00,67214647,GBPUSD,buy,0.1, 1.20980, 1.20037, 1.22709,2023.01.09 00:19:44, 1.20829,0.00,- 1.59,- 12.50
2023.02.17 18:01:12,68961960,EURUSD,buy,0.25, 1.06634, 1.06108, 1.08044,2023.02.17 18:02:50, 1.06642,0.00,0.00, 1.67
2023.02.17 18:03:35,68962100,EURUSD,buy,0.25, 1.06647, 1.06123, 1.08059,2023.02.17 18:04:00, 1.06605,0.00,0.00,- 8.76
2023.02.28 13:00:00,69415809,GBPUSD,buy,0.5, 1.21225, 1.20641, 1.22803,2023.02.28 20:59:30, 1.20641,0.00,0.00,- 242.04
2023.03.10 13:00:00,70044406,GBPUSD,buy,0.25, 1.19762, 1.19059, 1.21140,2023.03.10 13:25:27, 1.19739,0.00,0.00,- 4.80
2023.03.10 18:00:00,70099347,GOLD,buy,0.15,1 863.26,1 831.57,1 894.99,2023.03.13 14:29:31,1 892.08,0.00,- 10.08, 358.07
2023.03.10 19:00:00,70109317,EURUSD,buy,0.75, 1.07152, 1.06460, 1.08827,2023.03.15 12:35:50, 1.06708,0.00,- 12.93,- 275.50
2023.03.10 21:00:00,70115580,USDJPY,sell,0.5, 134.830, 134.422, 133.055,2023.03.13 11:43:25, 133.054,0.00,- 19.32, 552.20
2023.03.15 22:00:00,70457386,USDJPY,sell,0.5, 133.198, 134.631, 130.293,2023.03.16 03:00:00, 133.348,0.00,- 6.50,- 46.59
2023.03.17 09:00:00,70550351,EURUSD,buy,0.5, 1.06658, 1.06658, 1.08590,2023.03.22 16:13:26, 1.07767,0.00,- 18.51, 453.56
2023.03.17 18:00:00,70595165,GOLD,buy,0.1,1 959.57,1 959.57,2 004.16,2023.03.20 09:25:38,2 004.17,0.00,- 7.32, 366.14
2023.03.17 21:00:00,70605399,USDJPY,sell,0.5, 131.655, 132.811, 128.139,2023.03.20 21:00:00, 131.317,0.00,- 19.59, 104.81
2023.03.22 21:00:00,70860276,USDJPY,sell,1, 130.988, 131.635, 128.456,2023.03.29 04:16:02, 131.639,0.00,- 52.00,- 401.29
2023.03.22 22:00:00,70867401,EURUSD,buy,0.25, 1.08657, 1.07701, 1.09951,2023.03.24 10:43:19, 1.07701,0.00,- 3.68,- 195.21
2023.03.24 12:18:48,70975557,GBPUSD,sell,0.25, 1.22078, 1.22978, 1.20860,2023.03.24 12:19:28, 1.22124,0.00,0.00,- 9.42
2023.03.24 12:19:35,70975644,GBPUSD,sell,0.25, 1.22113, 1.23013, 1.20895,2023.03.24 12:19:49, 1.22145,0.00,0.00,- 6.55
2023.03.24 19:00:00,71011277,EURUSD,buy,0.25, 1.07581, 1.08496, 1.09244,2023.03.30 16:26:47, 1.09250,0.00,- 9.33, 336.95
2023.03.29 14:40:45,71249081,GBPUSD,buy,0.25, 1.23562, 1.22833, 1.24500,2023.03.30 18:56:51, 1.23677,0.00,- 0.99, 23.25
2023.04.03 14:00:00,71429332,EURUSD,buy,0.5, 1.09112, 1.08858, 1.10912,2023.04.06 04:09:21, 1.08858,0.00,- 8.65,- 101.84
2023.04.03 21:00:00,71473960,USDJPY,sell,1, 132.098, 133.248, 129.886,2023.04.07 21:00:00, 132.262,0.00,- 50.04,- 100.24
2023.04.04 13:00:00,71510173,GBPUSD,buy,0.25, 1.25130, 1.23973, 1.26307,2023.04.07 15:35:40, 1.23971,0.00,- 3.26,- 233.72
2023.04.12 19:00:00,71881046,EURUSD,buy,4.5, 1.10247,,,2023.04.14 16:29:52, 1.10231,0.00,- 5.06,- 56.74
2023.04.12 21:00:00,71888904,USDJPY,sell,0.5, 133.373, 132.981, 131.667,2023.04.14 15:34:48, 132.983,0.00,- 16.57, 117.53
2023.04.20 16:00:00,72209925,GBPUSD,buy,0.5, 1.24488, 1.23692, 1.25441,2023.04.21 17:05:41, 1.23692,0.00,- 1.03,- 321.77
2023.04.28 18:00:00,72607715,GBPUSD,buy,0.5, 1.25542, 1.24684, 1.26492,2023.05.02 11:07:17, 1.24680,0.00,- 5.10,- 345.48
2023.04.28 19:00:00,72613901,EURUSD,buy,0.25, 1.10402, 1.09740, 1.11864,2023.05.01 18:04:20, 1.09735,0.00,- 5.07,- 133.25
2023.05.05 18:00:00,72896580,GOLD,sell,0.15,2 010.60,2 044.90,1 953.84,2023.05.08 13:09:09,2 023.97,0.00, 8.01,- 158.54
2023.05.30 13:00:00,74170098,GBPUSD,buy,0.2, 1.24255, 1.23621, 1.25354,2023.05.31 10:45:57, 1.23620,0.00,- 0.80,- 102.73
2023.06.01 16:00:00,74299277,GBPUSD,buy,0.2, 1.25100, 1.24602, 1.26423,2023.06.02 18:47:10, 1.24600,0.00,- 0.40,- 80.18
2023.06.01 19:00:00,74318255,EURUSD,buy,0.5, 1.07597, 1.07033, 1.08877,2023.06.02 17:00:00, 1.07421,0.00,- 1.69,- 70.28
2023.06.08 18:00:00,74607635,GOLD,buy,0.1,1 967.46,1 934.41,2 006.94,2023.06.15 04:34:12,1 934.40,0.00,- 14.91,- 261.53
2023.06.13 13:06:01,74784176,GBPUSD,buy,0.4, 1.26094, 1.26094, 1.27646,2023.06.15 19:13:00, 1.27646,0.00,- 2.43, 486.50
2023.06.15 01:00:01,74911565,#Japan225,buy,1,33 646.25,33 474.50,34 534.48,2023.06.15 03:00:12,33 471.75,0.00,0.00,- 137.71
2023.06.15 20:00:00,74970191,#Japan225,buy,1,33 497.50,33 195.00,34 385.73,2023.06.16 01:00:01,33 499.75,0.00,- 1.74, 1.76
2023.06.15 22:00:00,74975582,GBPUSD,buy,1, 1.27866, 1.27047, 1.29070,2023.06.21 12:19:52, 1.27389,0.00,- 12.59,- 375.48
2023.06.16 08:00:00,74987084,#Japan225,buy,2,33 723.63,33 723.63,34 857.58,2023.06.19 03:00:40,33 718.00,0.00,- 10.87,- 8.77
2023.06.20 18:00:00,75119810,GOLD,sell,0.1,1 934.92,1 967.38,1 892.10,2023.06.23 18:48:12,1 929.46,0.00, 2.07, 42.95
2023.06.23 20:00:00,75315872,#Japan225,buy,1,32 744.50,32 412.00,33 423.96,2023.06.26 03:06:23,32 405.00,0.00,- 5.28,- 266.79
2023.06.27 21:30:00,75441660,#USNDAQ100,buy,2,14 991.51,14 921.10,15 406.31,2023.06.29 17:07:51,14 919.37,0.00,- 4.94,- 114.48
2023.06.28 08:00:03,75452602,#Japan225,buy,1,33 055.00,33 055.00,34 047.98,2023.06.30 03:01:09,33 055.00,0.00,- 3.55,0.00
2023.06.30 09:00:00,75567190,#USNDAQ100,buy,2,15 110.25,15 110.25,15 620.79,2023.07.06 15:16:04,15 110.25,0.00,- 30.01,0.00
2023.06.30 19:00:00,75601347,EURUSD,buy,0.25, 1.09197, 1.08397, 1.10153,2023.07.06 06:52:39, 1.08397,0.00,- 9.07,- 157.48
2023.07.07 19:00:00,75907683,EURUSD,buy,0.5, 1.09772, 1.10402, 1.10917,2023.07.12 16:40:47, 1.10917,0.00,- 10.46, 440.59
2023.07.11 01:00:01,75995494,#Japan225,buy,2,32 402.63,32 285.34,33 261.73,2023.07.11 05:08:07,32 285.00,0.00,0.00,- 182.81
2023.07.11 09:30:00,76006798,GBPUSD,buy,0.5, 1.29030, 1.29030, 1.29998,2023.07.13 04:56:30, 1.29998,0.00,- 2.72, 372.31
2023.07.12 09:00:00,76070051,#USNDAQ100,buy,2,15 248.70,15 500.17,15 697.75,2023.07.14 17:10:15,15 697.85,0.00,- 9.72, 685.05
2023.07.12 19:00:00,76118953,EURUSD,buy,0.35, 1.11254, 1.11820, 1.12283,2023.07.14 01:21:24, 1.12286,0.00,- 4.12, 274.78
2023.07.13 09:30:00,76142403,GBPUSD,buy,0.7, 1.30441, 1.30441, 1.31819,2023.07.18 19:04:08, 1.30438,0.00,- 10.12,- 1.61
2023.07.14 16:00:00,76228700,#Japan225,buy,1,32 487.00,32 279.50,33 329.83,2023.07.14 17:49:01,32 278.00,0.00,0.00,- 159.43
2023.07.18 20:00:01,76391508,#Japan225,buy,1,32 727.00,32 452.00,33 556.83,2023.07.19 01:00:00,32 727.25,0.00,- 1.70, 0.19
2023.07.18 21:30:00,76395707,#USNDAQ100,buy,1,15 883.82,15 724.10,16 243.17,2023.07.20 11:14:08,15 724.20,0.00,- 5.08,- 123.55
2023.07.20 21:00:00,76539100,USDJPY,buy,1, 140.999, 139.928, 143.875,2023.07.25 21:00:00, 141.131,0.00, 27.20, 72.89
2023.07.21 01:00:01,76545213,#Japan225,buy,1,32 360.00,32 173.40,33 003.63,2023.07.21 03:02:00,32 172.50,0.00,0.00,- 145.68
2023.07.21 12:00:00,76568014,#Japan225,buy,1,32 737.00,33 111.43,33 405.63,2023.07.27 20:04:24,33 110.50,0.00,- 10.31, 290.62
2023.07.27 09:00:00,76911171,#USNDAQ100,buy,1,15 622.07,15 426.75,15 962.54,2023.07.27 21:30:00,15 519.65,0.00,0.00,- 79.92
2023.07.28 01:00:01,77100528,#Japan225,buy,1,32 607.75,32 437.08,33 202.33,2023.07.28 02:49:52,32 435.00,0.00,0.00,- 135.01
2023.07.28 08:00:00,77112763,#Japan225,buy,2,32 512.25,32 927.81,33 254.33,2023.07.28 21:32:44,33 128.00,0.00,0.00, 957.78
2023.07.28 14:00:00,77197477,USDJPY,buy,1, 140.077, 141.056, 143.136,2023.08.01 15:21:24, 143.136,0.00, 26.08,1 673.97
2023.07.28 21:30:00,77306683,#USNDAQ100,buy,1,15 761.20,15 585.45,16 117.29,2023.08.02 10:00:23,15 585.12,0.00,- 13.21,- 137.91
2023.07.31 17:00:00,77486697,GBPUSD,buy,0.35, 1.28564, 1.27442, 1.29925,2023.08.01 18:15:57, 1.27441,0.00,- 1.24,- 308.42
2023.08.04 19:00:00,78118518,EURUSD,buy,0.4, 1.10354, 1.09444, 1.11310,2023.08.08 14:31:56, 1.09443,0.00,- 10.67,- 286.56
2023.08.08 07:00:00,78265085,USDJPY,buy,1, 144.007, 144.762, 146.367,2023.08.16 22:18:37, 146.369,0.00, 46.74,1 269.51
2023.08.15 09:00:00,78691384,#USNDAQ100,buy,2,15 257.10,15 148.72,15 675.87,2023.08.15 10:54:44,15 148.13,0.00,0.00,- 171.60
2023.08.16 13:00:00,78776763,GBPUSD,buy,0.7, 1.27515, 1.26677, 1.28600,2023.08.23 12:07:04, 1.26861,0.00,- 12.04,- 361.16
2023.08.21 08:00:00,78976932,#Japan225,buy,1,31 620.00,31 923.45,32 161.88,2023.08.22 16:45:55,31 923.00,0.00,- 1.75, 238.05
2023.08.23 19:00:00,79174547,EURUSD,buy,0.35, 1.08621, 1.07968, 1.09586,2023.08.25 02:08:44, 1.07964,0.00,- 4.26,- 182.64
2023.08.23 20:00:00,79178144,#USNDAQ100,buy,4,15 151.36,15 151.36,15 602.84,2023.08.24 16:50:42,15 151.07,0.00,- 10.35,- 0.92
2023.08.24 01:00:01,79189217,#Japan225,buy,1,32 212.75,32 005.50,32 790.63,2023.08.24 16:42:38,32 003.00,0.00,0.00,- 166.08
2023.08.29 09:00:00,79425593,#USNDAQ100,buy,4,15 231.93,15 431.93,15 831.29,2023.09.05 11:11:46,15 431.42,0.00,- 72.94, 635.92
2023.09.01 21:00:00,79723897,USDJPY,buy,0.5, 146.132, 146.575, 147.517,2023.09.05 16:50:17, 147.518,0.00, 10.59, 373.95
2023.09.08 09:00:00,80238903,#USNDAQ100,buy,2,15 316.72,15 225.58,15 744.03,2023.09.08 14:41:50,15 225.21,0.00,0.00,- 146.69
2023.09.11 09:00:00,80385567,#USNDAQ100,buy,2,15 371.87,15 257.60,15 790.29,2023.09.13 15:30:03,15 248.82,0.00,- 10.53,- 197.67
2023.09.14 09:00:00,80719454,#USNDAQ100,buy,2,15 438.57,15 324.90,15 846.94,2023.09.15 16:55:48,15 324.62,0.00,- 5.30,- 183.75
2023.09.18 09:00:00,80952905,#USNDAQ100,buy,2,15 236.67,15 145.26,15 644.36,2023.09.19 16:54:10,15 145.11,0.00,- 5.32,- 147.70
2023.09.21 13:24:40,81235324,#USNDAQ100,sell,2,14 838.60,14 838.60,12 000.00,2023.09.22 17:09:31,14 777.70,0.00, 1.87, 99.18
2023.09.21 14:19:58,81242227,EURUSD,sell,0.3, 1.06396, 1.07000, 1.00000,2023.09.22 17:09:37, 1.06660,0.00, 0.50,- 64.50
2023.09.22 21:52:19,81387883,EURUSD,sell,1, 1.06254, 1.06254, 1.00000,2023.09.27 21:40:12, 1.05053,0.00, 4.44, 989.68
2023.09.25 11:30:44,81425338,#USNDAQ100,sell,2,14 700.61,14 900.00,10 000.00,2023.09.26 09:00:00,14 709.67,0.00, 1.86,- 14.86
2023.09.26 09:15:45,81510494,#USNDAQ100,sell,2,14 688.42,14 688.42,10 000.00,2023.09.27 21:40:12,14 584.78,0.00, 1.87, 170.79
2023.09.27 09:00:00,81607457,#Japan225,buy,2,32 339.00,32 135.12,33 042.98,2023.09.27 09:20:43,32 354.00,0.00,0.00, 24.70
2023.09.27 13:49:57,81627839,GBPUSD,sell,0.5, 1.21390, 1.22000, 1.10000,2023.09.27 21:40:12, 1.21369,0.00,0.00, 8.45
2023.09.28 01:21:43,81698249,EURUSD,sell,0.5, 1.05028, 1.05800, 1.00000,2023.09.29 05:18:08, 1.05801,0.00, 0.64,- 316.27
2023.09.28 09:58:38,81712420,#USNDAQ100,sell,2,14 590.16,14 800.00,8 000.00,2023.09.28 21:30:00,14 726.50,0.00,0.00,- 223.54
2023.09.28 21:33:11,81792361,#USNDAQ100,sell,2,14 711.08,14 800.00,8 000.00,2023.09.29 10:30:32,14 800.41,0.00, 1.86,- 145.97
2023.09.29 19:54:03,81883139,#USNDAQ100,sell,2,14 744.87,15 000.00,8 000.00,2023.10.02 09:00:00,14 800.32,0.00, 5.58,- 91.08
2023.09.29 20:09:41,81884684,EURUSD,sell,0.5, 1.05691, 1.05690, 1.00000,2023.10.05 11:11:40, 1.05125,0.00, 3.29, 233.23
2023.10.02 12:28:45,81941068,#USNDAQ100,sell,3,14 773.30,14 759.00,12 000.00,2023.10.04 19:00:00,14 772.53,0.00, 2.82, 1.91
2023.10.03 01:00:05,82023961,#Japan225,buy,1,31 603.75,31 450.78,32 289.63,2023.10.03 02:24:33,31 578.50,0.00,0.00,- 20.90
2023.10.04 20:05:00,82245023,#USNDAQ100,sell,2,14 724.16,14 829.00,,2023.10.04 21:56:42,14 731.00,0.00,0.00,- 11.27
2023.10.05 09:47:11,82275386,#USNDAQ100,sell,1,14 749.97,14 900.00,12 000.00,2023.10.05 11:11:44,14 766.60,0.00,0.00,- 13.71
2023.10.05 12:08:18,82287525,#USNDAQ100,sell,1,14 732.85,14 850.00,12 000.00,2023.10.06 13:35:06,14 782.20,0.00, 0.93,- 40.41
2023.10.05 13:01:50,82291855,EURUSD,sell,0.25, 1.05056, 1.05600, 1.00000,2023.10.06 13:06:54, 1.05601,0.00, 0.27,- 111.59
2023.10.06 16:50:06,82432315,EURUSD,sell,0.5, 1.05015, 1.05700, 1.00000,2023.10.06 18:24:06, 1.05622,0.00,0.00,- 248.61
2023.10.12 20:42:44,82948126,#USNDAQ100,sell,2,15 167.87,15 167.87,12 000.00,2023.10.16 12:11:00,15 016.65,0.00, 7.63, 248.60
2023.10.12 20:42:54,82948183,EURUSD,sell,0.75, 1.05323, 1.05600, 1.00000,2023.10.16 12:11:04, 1.05358,0.00, 2.12,- 21.13
2023.10.12 21:00:00,82950522,USDJPY,buy,0.5, 149.806, 149.112, 151.133,2023.10.17 13:13:03, 149.086,0.00, 17.22,- 198.38
2023.10.16 12:55:33,83112489,EURUSD,sell,0.5, 1.05351, 1.05600, 1.00000,2023.10.16 22:12:40, 1.05601,0.00,0.00,- 102.33
2023.10.17 16:44:48,83245969,#USNDAQ100,sell,2,15 028.17,15 028.17,12 000.00,2023.10.20 19:25:45,14 612.05,0.00, 4.80, 685.39
2023.10.23 13:30:00,83708105,#USNDAQ100,sell,2,14 454.20,14 592.07,13 970.94,2023.10.23 17:43:10,14 594.82,0.00,0.00,- 230.38
2023.10.24 14:00:00,83826538,EURUSD,sell,0.5, 1.06247, 1.06247, 1.04543,2023.10.30 17:22:06, 1.06251,0.00, 3.41,- 1.64
2023.10.25 21:30:00,84011441,#USNDAQ100,sell,2,14 396.80,14 234.36,13 932.69,2023.10.26 21:59:55,14 235.07,0.00, 1.92, 266.53
2023.10.30 20:00:00,84361580,#Japan225,sell,1,30 573.00,30 784.00,29 618.70,2023.10.31 05:28:55,30 783.75,0.00,- 1.94,- 173.58
2023.10.31 07:00:00,84382234,USDJPY,buy,0.5, 150.155, 149.067, 151.291,2023.10.31 14:16:52, 150.636,0.00,0.00, 131.04
2023.10.31 21:00:00,84490846,EURUSD,sell,0.5, 1.05805, 1.06700, 1.04698,2023.11.02 14:00:00, 1.06353,0.00, 1.12,- 224.71
2023.10.31 21:00:00,84490848,USDJPY,buy,0.5, 151.598, 150.546, 152.734,2023.11.02 02:00:46, 150.544,0.00, 5.91,- 287.30
2023.11.14 18:13:13,85751504,GBPUSD,buy,1, 1.24444, 1.24272, 1.22319,2023.11.16 15:37:33, 1.24027,0.00,- 3.23,- 336.03
2023.11.15 21:00:00,85871280,USDJPY,buy,0.5, 151.389, 150.386, 152.530,2023.11.16 17:21:10, 150.385,0.00, 10.22,- 268.11
2023.11.16 16:00:00,85944747,GBPUSD,buy,0.4, 1.24324, 1.24330, 1.26230,2023.11.22 21:28:02, 1.24912,0.00,- 3.78, 188.37
2023.11.21 21:00:00,86297085,USDJPY,buy,1, 149.020, 148.751, 151.760,2023.11.22 21:27:57, 149.618,0.00, 3.30, 320.19
2023.11.23 21:00:00,86466765,USDJPY,buy,0.5, 149.596, 149.041, 151.775,2023.11.23 21:32:47, 149.551,0.00,0.00,- 12.00
2023.12.05 20:56:18,87369131,#USNDAQ100,sell,2,15 865.00,16 000.00,8 000.00,2023.12.06 15:57:22,16 000.10,0.00, 1.93,- 214.39
2023.12.06 23:09:49,87497324,#USNDAQ100,sell,2,15 807.80,16 000.00,8 000.00,2023.12.07 17:36:40,16 000.00,0.00, 1.94,- 305.71
2023.12.07 18:21:35,87586376,#USNDAQ100,sell,1,15 940.07,16 040.00,10 000.00,2023.12.07 19:19:11,16 040.45,0.00,0.00,- 79.80
2023.12.07 21:30:00,87605788,#USNDAQ100,buy,4,16 151.35,16 241.50,16 576.00,2023.12.13 21:55:07,16 576.25,0.00,- 43.94,1 346.32
2023.12.11 22:00:00,87877686,USDJPY,buy,0.5, 146.165, 145.234, 149.257,2023.12.12 09:06:03, 145.234,0.00, 3.23,- 254.74
2023.12.12 16:00:00,87950217,GBPUSD,sell,0.2, 1.25425, 1.26324, 1.24788,2023.12.13 21:52:17, 1.25927,0.00,- 0.16,- 79.45
2023.12.14 09:00:00,88157638,#USNDAQ100,buy,2,16 677.40,16 483.45,16 960.88,2023.12.14 20:26:20,16 483.32,0.00,0.00,- 304.30
2023.12.15 07:00:01,88317160,#Japan225,buy,1,32 977.50,32 682.25,33 785.10,2023.12.18 02:01:21,32 677.50,0.00,- 5.44,- 236.77
2023.12.19 07:00:00,88524315,#Japan225,buy,2,33 147.50,33 544.00,33 857.00,2023.12.19 13:59:20,33 544.00,0.00,0.00, 624.26
2023.12.19 14:00:00,88556983,#Japan225,buy,1,33 556.00,33 556.00,34 216.10,2023.12.20 11:03:29,33 554.00,0.00,- 1.81,- 1.58
2023.12.20 09:00:00,88633101,#USNDAQ100,buy,2,16 853.65,16 804.07,17 019.79,2023.12.20 10:33:19,16 803.95,0.00,0.00,- 78.51
2023.12.20 21:30:00,88718075,#USNDAQ100,buy,2,16 833.17,16 783.45,16 997.69,2023.12.20 21:39:40,16 783.05,0.00,0.00,- 79.19
2023.12.26 14:00:19,88979381,#Japan225,buy,1,33 309.50,33 309.50,34 081.00,2023.12.28 17:32:25,33 305.50,0.00,- 3.61,- 3.13
2023.12.28 09:00:00,89137208,#USNDAQ100,buy,2,16 985.00,16 905.15,17 133.05,2023.12.28 10:00:48,16 983.25,0.00,0.00,- 2.74
2023.12.29 14:00:00,89262665,#Japan225,buy,1,33 479.50,33 328.91,34 159.95,2023.12.29 17:54:29,33 328.00,0.00,0.00,- 118.98
2024.01.08 20:00:00,90045623,#USNDAQ100,buy,4,16 594.16,16 668.55,16 767.16,2024.01.10 17:02:51,16 666.02,0.00,- 21.67, 225.94
2024.01.10 07:00:00,90213236,#Japan225,buy,2,34 574.38,35 025.50,35 379.95,2024.01.11 08:34:52,35 387.50,0.00,- 3.61,1 273.25
2024.01.11 14:00:00,90391238,#Japan225,buy,2,35 346.25,35 346.25,36 192.55,2024.01.12 22:13:03,35 562.50,0.00,- 3.61, 338.87
2024.01.15 08:27:21,90735219,GOLD,buy,0.2,2 056.14,2 032.17,2 088.58,2024.01.16 15:14:53,2 031.51,0.00,- 5.58,- 389.72
2024.01.16 14:00:00,90910276,#Japan225,buy,1,35 848.75,35 848.75,36 800.33,2024.01.17 03:45:48,35 847.50,0.00,- 1.82,- 0.99
2024.01.18 14:00:00,91259700,#Japan225,buy,2,35 891.25,36 512.85,37 001.25,2024.01.23 05:55:16,36 512.50,0.00,- 16.29, 976.19
2024.01.19 21:30:00,91463054,#USNDAQ100,buy,4,17 367.62,17 367.61,17 631.34,2024.01.22 17:30:43,17 367.57,0.00,- 16.29,- 0.14
2024.01.24 14:00:00,91836974,#Japan225,buy,1,36 286.25,36 130.00,37 080.25,2024.01.24 15:56:18,36 128.75,0.00,0.00,- 123.40
2024.01.24 20:00:00,91915878,#Japan225,buy,1,36 418.25,36 208.25,37 212.25,2024.01.24 23:07:35,36 207.00,0.00,0.00,- 166.16
2024.01.25 21:07:48,92087990,EURUSD,sell,0.75, 1.08265, 1.08830, 1.06000,2024.01.26 15:30:10, 1.08857,0.00, 0.81,- 348.38
2024.01.26 16:12:43,92171399,GBPUSD,buy,0.25, 1.27522, 1.27000, 1.40000,2024.01.26 20:53:03, 1.27000,0.00,0.00,- 102.76
2024.01.31 08:00:00,92543940,#Japan225,buy,1,36 292.50,36 005.91,36 791.00,2024.01.31 17:15:48,36 003.75,0.00,0.00,- 226.60
2024.01.31 17:30:04,92634056,GOLD,buy,0.1,2 053.12,2 034.10,2 072.44,2024.01.31 22:04:04,2 033.78,0.00,0.00,- 152.66
2024.02.07 08:25:07,93424648,EURUSD,sell,0.25, 1.07605, 1.08500, 1.00000,2024.02.09 12:05:58, 1.07691,0.00, 1.63,- 17.05
2024.02.07 14:00:00,93465778,#Japan225,buy,1,36 121.25,36 427.79,36 668.65,2024.02.08 04:03:50,36 672.50,0.00,- 1.82, 436.20
2024.02.08 07:00:00,93583034,#Japan225,buy,1,36 972.50,36 680.54,37 510.90,2024.02.08 16:00:00,36 828.75,0.00,0.00,- 114.28
2024.02.12 20:00:16,94282156,#Japan225,buy,2,37 781.88,37 781.88,38 500.00,2024.02.13 15:54:41,37 778.75,0.00,- 1.82,- 4.96
2024.02.14 14:00:00,94634564,#Japan225,buy,2,38 110.00,38 577.60,38 945.00,2024.02.16 02:07:49,38 802.50,0.00,- 5.48,1 099.19
2024.02.14 20:05:31,94697257,EURUSD,sell,0.5, 1.07312, 1.08290, 1.00000,2024.02.20 16:21:19, 1.08292,0.00, 3.66,- 387.34
2024.02.22 09:00:00,95623453,#USNDAQ100,buy,2,17 783.60,17 866.49,17 976.37,2024.02.22 20:09:16,17 976.55,0.00,0.00, 304.93
2024.02.22 14:00:00,95714721,#Japan225,buy,1,39 291.25,39 291.25,39 869.17,2024.02.26 02:09:51,39 287.50,0.00,- 7.26,- 2.96
2024.02.22 21:30:00,95838146,#USNDAQ100,buy,2,18 040.25,17 948.15,18 232.72,2024.02.23 18:04:01,17 948.15,0.00,- 5.45,- 145.31
2024.02.23 17:30:00,95942294,GOLD,buy,0.1,2 027.16,2 036.63,2 044.37,2024.02.23 19:29:05,2 036.62,0.00,0.00, 74.61
2024.02.29 17:30:00,96795299,GOLD,buy,0.4,2 056.53,2 069.83,2 080.72,2024.03.01 18:55:16,2 080.74,0.00,- 5.66, 765.64
2024.03.01 07:00:00,96886842,#Japan225,buy,1,39 962.50,40 180.93,40 352.55,2024.03.01 23:05:03,40 180.00,0.00,0.00, 171.85
2024.03.01 20:00:00,97061327,#USNDAQ100,buy,4,18 295.85,18 080.05,18 524.58,2024.03.05 16:31:38,18 190.20,0.00,- 21.78,- 332.78
2024.03.01 21:30:00,97074751,GOLD,buy,0.2,2 085.46,2 094.74,2 102.33,2024.03.04 16:35:35,2 094.69,0.00,- 5.65, 145.57
2024.03.04 17:30:00,97282538,GOLD,buy,0.2,2 101.11,2 111.38,2 119.79,2024.03.04 18:51:41,2 119.79,0.00,0.00, 294.20
2024.03.04 21:30:00,97325427,GOLD,buy,0.2,2 116.33,2 126.54,2 134.90,2024.03.05 15:31:07,2 135.05,0.00,- 5.63, 295.14
2024.03.05 08:00:00,97363747,#Japan225,buy,1,40 138.00,39 897.50,40 733.17,2024.03.05 20:18:03,39 897.25,0.00,0.00,- 189.48
2024.03.06 14:00:00,97655119,#Japan225,buy,1,40 209.75,40 209.75,40 820.67,2024.03.07 03:00:11,40 209.50,0.00,- 1.81,- 0.20
2024.03.07 11:30:00,97900713,#Japan225,buy,1,39 403.75,39 234.40,40 044.83,2024.03.07 12:00:00,39 420.75,0.00,0.00, 13.33
2024.03.07 20:00:00,98038505,#Japan225,buy,1,39 816.25,39 501.26,40 396.83,2024.03.08 11:46:23,39 498.75,0.00,- 1.80,- 247.60
2024.03.12 08:00:00,99799535,#Japan225,buy,1,38 859.00,38 859.00,39 911.92,2024.03.13 02:57:52,38 857.50,0.00,- 1.80,- 1.17
2024.03.15 14:00:00,100592208,#Japan225,buy,1,38 961.25,38 753.00,39 732.42,2024.03.15 16:05:39,38 752.25,0.00,0.00,- 163.97
2024.03.15 22:00:00,100675080,USDJPY,buy,0.5, 149.099, 150.032, 150.894,2024.03.19 09:28:57, 150.024,0.00, 5.00, 242.59
2024.03.18 04:00:00,100730295,#Japan225,buy,2,39 656.50,40 008.74,40 285.50,2024.03.20 02:12:57,40 289.00,0.00,- 7.23, 994.83
2024.03.18 16:00:00,100816922,#USNDAQ100,buy,2,18 070.20,17 950.90,18 304.00,2024.03.19 02:46:58,17 948.40,0.00,- 5.42,- 191.51
2024.03.19 20:00:03,101042310,#USNDAQ100,buy,2,18 044.00,17 927.00,18 284.26,2024.03.20 19:17:16,18 043.20,0.00,- 5.42,- 1.26
2024.03.20 14:00:00,101128252,#Japan225,buy,2,40 476.13,40 476.13,41 286.58,2024.03.21 03:24:38,40 474.25,0.00,- 3.60,- 2.93
2024.03.20 21:30:00,101246116,#USNDAQ100,buy,2,18 268.35,18 369.09,18 502.63,2024.03.21 20:09:55,18 368.45,0.00,- 5.40, 158.15
2024.03.20 21:30:00,101246117,GOLD,buy,0.2,2 188.24,2 152.88,2 214.19,2024.03.21 00:16:15,2 217.02,0.00,- 16.83, 449.97
2024.03.26 12:00:00,101835835,GOLD,buy,0.2,2 191.10,2 210.21,2 225.85,2024.03.28 13:03:00,2 210.16,0.00,- 23.01, 302.12
2024.03.26 14:00:00,101856295,#Japan225,buy,1,40 647.25,40 647.25,41 240.92,2024.03.27 09:30:02,40 645.75,0.00,- 1.82,- 1.19
2024.04.01 07:00:00,102401669,#Japan225,buy,1,39 955.50,39 679.25,40 487.83,2024.04.01 08:00:00,39 939.00,0.00,0.00,- 13.07
2024.04.01 09:00:00,102409661,#USNDAQ100,buy,2,18 382.90,18 264.15,18 560.25,2024.04.01 18:13:24,18 264.15,0.00,0.00,- 189.15
2024.04.02 17:30:00,102659413,GOLD,buy,0.2,2 275.49,2 261.09,2 308.90,2024.04.02 17:47:48,2 260.95,0.00,0.00,- 231.54
2024.04.03 20:00:00,102878044,#USNDAQ100,buy,2,18 226.60,18 302.00,18 402.41,2024.04.04 18:13:00,18 301.05,0.00,- 5.45, 117.55
2024.04.03 20:00:00,102878045,#Japan225,buy,2,40 023.00,39 728.46,40 800.92,2024.04.04 21:08:21,39 728.25,0.00,- 3.64,- 465.69
2024.04.05 17:30:00,103237989,GOLD,buy,0.3,2 316.59,2 297.81,2 351.23,2024.04.08 05:39:13,2 351.35,0.00,- 8.98, 825.04
2024.04.08 14:00:00,103400280,#Japan225,buy,1,39 512.25,39 512.25,40 401.25,2024.04.09 13:35:01,39 512.75,0.00,- 1.82, 0.39
2024.04.08 21:30:00,103485621,GOLD,buy,0.2,2 341.95,2 341.95,2 384.96,2024.04.09 18:51:27,2 341.94,0.00,- 5.97,- 0.16
2024.04.09 23:30:00,103675699,#USNDAQ100,buy,2,18 222.00,18 100.15,18 401.44,2024.04.10 15:30:17,18 098.05,0.00,- 5.44,- 196.06
2024.04.10 21:00:00,103862237,USDJPY,buy,0.5, 152.795, 153.206, 153.586,2024.04.12 14:25:02, 153.203,0.00, 8.52, 106.75
2024.04.11 16:00:00,103977002,#USNDAQ100,buy,2,18 081.10,18 008.85,18 283.61,2024.04.11 17:16:09,18 008.80,0.00,0.00,- 115.36
2024.04.11 21:30:00,104055088,#USNDAQ100,buy,2,18 333.40,18 121.00,18 535.11,2024.04.12 16:27:53,18 121.00,0.00,- 5.49,- 341.28
2024.04.11 21:30:00,104055090,GOLD,buy,0.2,2 361.99,2 386.60,2 406.74,2024.04.12 06:38:19,2 386.47,0.00,- 6.02, 390.11
2024.04.12 17:30:00,104196109,GOLD,buy,0.2,2 414.17,2 400.78,2 460.18,2024.04.12 18:24:54,2 400.74,0.00,0.00,- 215.85
2024.04.15 21:30:00,104558735,GOLD,buy,0.2,2 367.67,2 367.67,2 426.84,2024.04.16 10:54:09,2 367.68,0.00,- 6.07, 0.16